cluster,player_sequences,unsafe_rate,first_unsafe,switch_rate,alt_match,positional_delta,retaliation_lift,forgiveness_rate,stickiness_uu,late_minus_early,alt_safe_match,alt_unsafe_match,expanded_exact,new_exact,share,strategy_name
0,950,0.4276765120844068,0.11157894736842106,0.681531328320802,0.7596434603408287,,-0.13965988626421696,0.7343878454436223,0.20410633239680137,0.005362155388471172,0.7596434603408287,0.24035653965917125,0.18947368421052632,0.11157894736842106,0.14024210215529967,đánh thử rồi hạ nhiệt
1,1144,0.05271348576637038,0.07255244755244755,0.08053196803196803,0.5366228601914791,,0.011223031930688543,0.9540229885057471,0.11956809094213675,-0.0024090492840492844,0.5366228601914791,0.4633771398085209,0.7526223776223776,0.04283216783216783,0.16888101564806612,ổn định an toàn
2,708,0.891187094841756,0.844632768361582,0.18423964218455743,0.4552818081949438,,-0.0070921985815602774,0.08769517911467063,0.8199672335031452,0.03519807640570353,0.4552818081949438,0.5447181918050562,0.5310734463276836,0.07627118644067797,0.10451727192205491,ổn định unsafe
3,589,0.9312259707845447,0.8522920203735145,0.10654930336594173,0.46181509021067596,,0.12103174603174602,0.2874120956399437,0.9663384530956688,0.07712830463254912,0.46181509021067596,0.5381849097893241,0.7402376910016978,0.028862478777589132,0.0869501033362858,ổn định unsafe
4,848,0.5212830474033304,0.7134433962264151,0.65880877508236,0.3034821245316528,,0.3530713640469738,0.714439797490645,0.3385827664399093,0.09748708445642408,0.3034821245316528,0.6965178754683471,0.21226415094339623,0.08962264150943396,0.1251845290817833,đánh thử rồi hạ nhiệt
5,1474,0.016574239683127066,0.016960651289009497,0.026881286209644417,0.5449730495269843,,0.010436183776891742,0.8936781609195402,0.11564625850340135,-0.006145409317051109,0.5449730495269843,0.45502695047301556,0.907055630936228,0.014246947082767978,0.21759669323885444,ổn định an toàn
6,36,1.0,1.0,0.0,0.0,,,,,0.0,0.0,1.0,1.0,0.0,0.005314437555358724,ổn định unsafe
7,781,0.5316198188637369,0.45710627400768244,0.5268606589029124,0.5326342014082092,-0.5,-0.1665500302806002,0.5378380487879169,0.5366312741312742,-0.19467562953478448,0.5326342014082092,0.4673657985917909,0.010243277848911651,0.008962868117797696,0.115293770298199,đánh để gỡ khi tụt
8,244,0.32252828000778816,0.11475409836065574,0.4680376658860265,0.5250917456860079,0.0,-0.3715793304221252,0.63671875,0.19330700021944264,0.18904176424668226,0.5250917456860079,0.47490825431399203,0.036885245901639344,0.036885245901639344,0.03602007676409802,thích nghi hỗn hợp
