model,max_private_risk,prompt_version,protocol_signature,run_phase,run_status,factor,level_left,level_right,n_comparisons_in_stratum,n_left,n_right,mean_left,mean_right,t,df,p_value,cohens_d,p_value_bonferroni
qwen2.5:7b-instruct-fp16,0.1,ai-race-fairgame-v3,d9189c2e5217f018ed55b6e1a70e918bcd699ee0f14d339b92be406e83b8f90f,pilot,completed,persona_condition,R-,R0,15,20,20,0.28815469252969256,0.654209471084471,-7.87017695120497,37.85282479953324,1.734364470592285e-09,-2.488768475436756,2.6015467058884273e-08
qwen2.5:7b-instruct-fp16,0.1,ai-race-fairgame-v3,d9189c2e5217f018ed55b6e1a70e918bcd699ee0f14d339b92be406e83b8f90f,pilot,completed,persona_condition,R-,S_AA,15,20,20,0.28815469252969256,0.8015719003219004,-10.100799630856812,36.32275414910206,4.295082836878168e-12,-3.1941533022495507,6.442624255317252e-11
qwen2.5:7b-instruct-fp16,0.1,ai-race-fairgame-v3,d9189c2e5217f018ed55b6e1a70e918bcd699ee0f14d339b92be406e83b8f90f,pilot,completed,persona_condition,R-,S_AC,15,20,20,0.28815469252969256,0.47338238150738154,-1.6304883411722697,22.217638300589897,0.11709467555819192,-0.5156056856454068,1.0
qwen2.5:7b-instruct-fp16,0.1,ai-race-fairgame-v3,d9189c2e5217f018ed55b6e1a70e918bcd699ee0f14d339b92be406e83b8f90f,pilot,completed,persona_condition,R-,S_CA,15,20,20,0.28815469252969256,0.4638138250638251,-1.5751601915779962,22.347792624454712,0.12927123018754041,-0.4981093885013642,1.0
qwen2.5:7b-instruct-fp16,0.1,ai-race-fairgame-v3,d9189c2e5217f018ed55b6e1a70e918bcd699ee0f14d339b92be406e83b8f90f,pilot,completed,persona_condition,R-,none,15,20,40,0.28815469252969256,0.6054359182484182,-7.61173627270676,44.689267506739874,1.3300038927374838e-09,-1.9639867842157168,1.9950058391062256e-08
qwen2.5:7b-instruct-fp16,0.1,ai-race-fairgame-v3,d9189c2e5217f018ed55b6e1a70e918bcd699ee0f14d339b92be406e83b8f90f,pilot,completed,persona_condition,R0,S_AA,15,20,20,0.654209471084471,0.8015719003219004,-2.8263158172371634,37.112918891651695,0.007540302904039772,-0.8937595369429617,0.11310454356059658
qwen2.5:7b-instruct-fp16,0.1,ai-race-fairgame-v3,d9189c2e5217f018ed55b6e1a70e918bcd699ee0f14d339b92be406e83b8f90f,pilot,completed,persona_condition,R0,S_AC,15,20,20,0.654209471084471,0.47338238150738154,1.5834974112136961,22.638138028953314,0.12717965415122284,0.5007458488415533,1.0
qwen2.5:7b-instruct-fp16,0.1,ai-race-fairgame-v3,d9189c2e5217f018ed55b6e1a70e918bcd699ee0f14d339b92be406e83b8f90f,pilot,completed,persona_condition,R0,S_CA,15,20,20,0.654209471084471,0.4638138250638251,1.6981198887193927,22.78465791442827,0.1031027858363886,0.536992658838495,1.0
qwen2.5:7b-instruct-fp16,0.1,ai-race-fairgame-v3,d9189c2e5217f018ed55b6e1a70e918bcd699ee0f14d339b92be406e83b8f90f,pilot,completed,persona_condition,R0,none,15,20,40,0.654209471084471,0.6054359182484182,1.1271648993045593,42.28390187379902,0.2660287173409627,0.2969251061072685,1.0
qwen2.5:7b-instruct-fp16,0.1,ai-race-fairgame-v3,d9189c2e5217f018ed55b6e1a70e918bcd699ee0f14d339b92be406e83b8f90f,pilot,completed,persona_condition,S_AA,S_AC,15,20,20,0.8015719003219004,0.47338238150738154,2.828722561233595,23.929338546983498,0.009302993344893568,0.8945206162203277,0.1395449001734035
qwen2.5:7b-instruct-fp16,0.1,ai-race-fairgame-v3,d9189c2e5217f018ed55b6e1a70e918bcd699ee0f14d339b92be406e83b8f90f,pilot,completed,persona_condition,S_AA,S_CA,15,20,20,0.8015719003219004,0.4638138250638251,2.963302155259211,24.124481098118398,0.006747114112146606,0.9370784205905015,0.10120671168219908
qwen2.5:7b-instruct-fp16,0.1,ai-race-fairgame-v3,d9189c2e5217f018ed55b6e1a70e918bcd699ee0f14d339b92be406e83b8f90f,pilot,completed,persona_condition,S_AA,none,15,20,40,0.8015719003219004,0.6054359182484182,4.096248981362663,36.745708196249446,0.00022139876541403278,1.137413233136462,0.003320981481210492
qwen2.5:7b-instruct-fp16,0.1,ai-race-fairgame-v3,d9189c2e5217f018ed55b6e1a70e918bcd699ee0f14d339b92be406e83b8f90f,pilot,completed,persona_condition,S_AC,S_CA,15,20,20,0.47338238150738154,0.4638138250638251,0.06266763633586364,37.98461296593675,0.9503597809588772,0.019817246640045777,1.0
qwen2.5:7b-instruct-fp16,0.1,ai-race-fairgame-v3,d9189c2e5217f018ed55b6e1a70e918bcd699ee0f14d339b92be406e83b8f90f,pilot,completed,persona_condition,S_AC,none,15,20,40,0.47338238150738154,0.6054359182484182,-1.1757456688305605,21.34309835966201,0.25264565654138876,-0.42320921409952605,1.0
qwen2.5:7b-instruct-fp16,0.1,ai-race-fairgame-v3,d9189c2e5217f018ed55b6e1a70e918bcd699ee0f14d339b92be406e83b8f90f,pilot,completed,persona_condition,S_CA,none,15,20,40,0.4638138250638251,0.6054359182484182,-1.2850665378276076,21.440524249080223,0.21247848173067355,-0.4612146846633524,1.0
qwen2.5:7b-instruct-fp16,0.6,ai-race-fairgame-v3,d9189c2e5217f018ed55b6e1a70e918bcd699ee0f14d339b92be406e83b8f90f,pilot,completed,persona_condition,R-,R0,15,20,20,0.3509609834609835,0.5935505466755467,-5.12719800702218,35.95203470628187,1.0213562120754178e-05,-1.621362371686608,0.00015320343181131268
qwen2.5:7b-instruct-fp16,0.6,ai-race-fairgame-v3,d9189c2e5217f018ed55b6e1a70e918bcd699ee0f14d339b92be406e83b8f90f,pilot,completed,persona_condition,R-,S_AA,15,20,20,0.3509609834609835,0.7728844766344767,-9.21426138023578,36.714076661149456,4.3779023182052495e-11,-2.9138052917671864,6.566853477307875e-10
qwen2.5:7b-instruct-fp16,0.6,ai-race-fairgame-v3,d9189c2e5217f018ed55b6e1a70e918bcd699ee0f14d339b92be406e83b8f90f,pilot,completed,persona_condition,R-,S_AC,15,20,20,0.3509609834609835,0.4683823815073815,-1.0484068956262125,21.755040046657566,0.3059595830987316,-0.3315353704805254,1.0
qwen2.5:7b-instruct-fp16,0.6,ai-race-fairgame-v3,d9189c2e5217f018ed55b6e1a70e918bcd699ee0f14d339b92be406e83b8f90f,pilot,completed,persona_condition,R-,S_CA,15,20,20,0.3509609834609835,0.45058781496281497,-0.922323757934376,21.975595056007062,0.36637578630882295,-0.29166438151584245,1.0
qwen2.5:7b-instruct-fp16,0.6,ai-race-fairgame-v3,d9189c2e5217f018ed55b6e1a70e918bcd699ee0f14d339b92be406e83b8f90f,pilot,completed,persona_condition,R-,none,15,20,40,0.3509609834609835,0.5360494366744367,-4.915973425257374,43.291326862218156,1.3142147839577723e-05,-1.2836644843650111,0.00019713221759366586
qwen2.5:7b-instruct-fp16,0.6,ai-race-fairgame-v3,d9189c2e5217f018ed55b6e1a70e918bcd699ee0f14d339b92be406e83b8f90f,pilot,completed,persona_condition,R0,S_AA,15,20,20,0.5935505466755467,0.7728844766344767,-3.4962154720500322,37.88980277211549,0.0012208237897340548,-1.1056004082398863,0.018312356846010822
qwen2.5:7b-instruct-fp16,0.6,ai-race-fairgame-v3,d9189c2e5217f018ed55b6e1a70e918bcd699ee0f14d339b92be406e83b8f90f,pilot,completed,persona_condition,R0,S_AC,15,20,20,0.5935505466755467,0.4683823815073815,1.0945078697454433,23.443731881885085,0.28485049993286327,0.34611377853744973,1.0
qwen2.5:7b-instruct-fp16,0.6,ai-race-fairgame-v3,d9189c2e5217f018ed55b6e1a70e918bcd699ee0f14d339b92be406e83b8f90f,pilot,completed,persona_condition,R0,S_CA,15,20,20,0.5935505466755467,0.45058781496281497,1.2942169379111303,23.792546246516903,0.2080121899502752,0.4092673310167894,1.0
qwen2.5:7b-instruct-fp16,0.6,ai-race-fairgame-v3,d9189c2e5217f018ed55b6e1a70e918bcd699ee0f14d339b92be406e83b8f90f,pilot,completed,persona_condition,R0,none,15,20,40,0.5935505466755467,0.5360494366744367,1.3015258054857626,34.833444017113855,0.20162108206308088,0.3689409552490868,1.0
qwen2.5:7b-instruct-fp16,0.6,ai-race-fairgame-v3,d9189c2e5217f018ed55b6e1a70e918bcd699ee0f14d339b92be406e83b8f90f,pilot,completed,persona_condition,S_AA,S_AC,15,20,20,0.7728844766344767,0.4683823815073815,2.6772200072790815,22.999734923802716,0.01345593908212147,0.8466113020374465,0.20183908623182203
qwen2.5:7b-instruct-fp16,0.6,ai-race-fairgame-v3,d9189c2e5217f018ed55b6e1a70e918bcd699ee0f14d339b92be406e83b8f90f,pilot,completed,persona_condition,S_AA,S_CA,15,20,20,0.7728844766344767,0.45058781496281497,2.934809571248059,23.315630441854594,0.007377564040312768,0.9280682744006076,0.11066346060469152
qwen2.5:7b-instruct-fp16,0.6,ai-race-fairgame-v3,d9189c2e5217f018ed55b6e1a70e918bcd699ee0f14d339b92be406e83b8f90f,pilot,completed,persona_condition,S_AA,none,15,20,40,0.7728844766344767,0.5360494366744367,5.56687233212194,36.51261258182727,2.5243315411021074e-06,1.5495308827157521,3.786497311653161e-05
qwen2.5:7b-instruct-fp16,0.6,ai-race-fairgame-v3,d9189c2e5217f018ed55b6e1a70e918bcd699ee0f14d339b92be406e83b8f90f,pilot,completed,persona_condition,S_AC,S_CA,15,20,20,0.4683823815073815,0.45058781496281497,0.11861110414461767,37.94249169642932,0.9062092142177727,0.03750812448844296,1.0
qwen2.5:7b-instruct-fp16,0.6,ai-race-fairgame-v3,d9189c2e5217f018ed55b6e1a70e918bcd699ee0f14d339b92be406e83b8f90f,pilot,completed,persona_condition,S_AC,none,15,20,40,0.4683823815073815,0.5360494366744367,-0.6111982011627869,20.85824522316655,0.5476722147432651,-0.22332450724104172,1.0
qwen2.5:7b-instruct-fp16,0.6,ai-race-fairgame-v3,d9189c2e5217f018ed55b6e1a70e918bcd699ee0f14d339b92be406e83b8f90f,pilot,completed,persona_condition,S_CA,none,15,20,40,0.45058781496281497,0.5360494366744367,-0.8010917742291147,21.01040286840899,0.43204511955880054,-0.29130768645241933,1.0
qwen2.5:7b-instruct-fp16,0.9,ai-race-fairgame-v3,d9189c2e5217f018ed55b6e1a70e918bcd699ee0f14d339b92be406e83b8f90f,pilot,completed,persona_condition,R-,R0,15,20,20,0.3033691308691309,0.6174316655566655,-6.390955385760726,36.54299786259682,1.9620202263989215e-07,-2.0209975443523933,2.9430303395983823e-06
qwen2.5:7b-instruct-fp16,0.9,ai-race-fairgame-v3,d9189c2e5217f018ed55b6e1a70e918bcd699ee0f14d339b92be406e83b8f90f,pilot,completed,persona_condition,R-,S_AA,15,20,20,0.3033691308691309,0.7577883227883228,-8.850775160175333,35.47460869227268,1.6600886026335747e-10,-2.7988608564195667,2.490132903950362e-09
qwen2.5:7b-instruct-fp16,0.9,ai-race-fairgame-v3,d9189c2e5217f018ed55b6e1a70e918bcd699ee0f14d339b92be406e83b8f90f,pilot,completed,persona_condition,R-,S_AC,15,20,20,0.3033691308691309,0.4695362276612277,-1.4750514738707006,22.111007625774754,0.1542968821155525,-0.4664522323419758,1.0
qwen2.5:7b-instruct-fp16,0.9,ai-race-fairgame-v3,d9189c2e5217f018ed55b6e1a70e918bcd699ee0f14d339b92be406e83b8f90f,pilot,completed,persona_condition,R-,S_CA,15,20,20,0.3033691308691309,0.4397923604173604,-1.2832882883695094,22.522338593021775,0.2124390939523953,-0.4058113885866617,1.0
qwen2.5:7b-instruct-fp16,0.9,ai-race-fairgame-v3,d9189c2e5217f018ed55b6e1a70e918bcd699ee0f14d339b92be406e83b8f90f,pilot,completed,persona_condition,R-,none,15,20,40,0.3033691308691309,0.552997211122211,-6.17628361742261,44.06091212311552,1.848248851255602e-07,-1.6021375980972168,2.772373276883403e-06
qwen2.5:7b-instruct-fp16,0.9,ai-race-fairgame-v3,d9189c2e5217f018ed55b6e1a70e918bcd699ee0f14d339b92be406e83b8f90f,pilot,completed,persona_condition,R0,S_AA,15,20,20,0.6174316655566655,0.7577883227883228,-2.51349875208971,37.809866702791,0.016335372752532613,-0.7948380952594388,0.2450305912879892
qwen2.5:7b-instruct-fp16,0.9,ai-race-fairgame-v3,d9189c2e5217f018ed55b6e1a70e918bcd699ee0f14d339b92be406e83b8f90f,pilot,completed,persona_condition,R0,S_AC,15,20,20,0.6174316655566655,0.4695362276612277,1.2886020112862195,23.62445945193324,0.2100135698669943,0.4074917353138454,1.0
qwen2.5:7b-instruct-fp16,0.9,ai-race-fairgame-v3,d9189c2e5217f018ed55b6e1a70e918bcd699ee0f14d339b92be406e83b8f90f,pilot,completed,persona_condition,R0,S_CA,15,20,20,0.6174316655566655,0.4397923604173604,1.6364471496721056,24.22349981912863,0.11467429955166344,0.5174900263454321,1.0
qwen2.5:7b-instruct-fp16,0.9,ai-race-fairgame-v3,d9189c2e5217f018ed55b6e1a70e918bcd699ee0f14d339b92be406e83b8f90f,pilot,completed,persona_condition,R0,none,15,20,40,0.6174316655566655,0.552997211122211,1.4008312400558638,36.73652827443488,0.1696553927098007,0.38900859727098397,1.0
qwen2.5:7b-instruct-fp16,0.9,ai-race-fairgame-v3,d9189c2e5217f018ed55b6e1a70e918bcd699ee0f14d339b92be406e83b8f90f,pilot,completed,persona_condition,S_AA,S_AC,15,20,20,0.7577883227883228,0.4695362276612277,2.4907009624081384,24.304181104115198,0.019966510503527147,0.787628801158314,0.2994976575529072
qwen2.5:7b-instruct-fp16,0.9,ai-race-fairgame-v3,d9189c2e5217f018ed55b6e1a70e918bcd699ee0f14d339b92be406e83b8f90f,pilot,completed,persona_condition,S_AA,S_CA,15,20,20,0.7577883227883228,0.4397923604173604,2.9023340773780357,24.982994347640503,0.007628488769259204,0.9177986215237967,0.11442733153888807
qwen2.5:7b-instruct-fp16,0.9,ai-race-fairgame-v3,d9189c2e5217f018ed55b6e1a70e918bcd699ee0f14d339b92be406e83b8f90f,pilot,completed,persona_condition,S_AA,none,15,20,40,0.7577883227883228,0.552997211122211,4.236364696488477,34.5321932235145,0.0001598914553304928,1.2049755420955237,0.002398371829957392
qwen2.5:7b-instruct-fp16,0.9,ai-race-fairgame-v3,d9189c2e5217f018ed55b6e1a70e918bcd699ee0f14d339b92be406e83b8f90f,pilot,completed,persona_condition,S_AC,S_CA,15,20,20,0.4695362276612277,0.4397923604173604,0.2002647582361603,37.849903358723445,0.8423456942033105,0.06332927710892311,1.0
qwen2.5:7b-instruct-fp16,0.9,ai-race-fairgame-v3,d9189c2e5217f018ed55b6e1a70e918bcd699ee0f14d339b92be406e83b8f90f,pilot,completed,persona_condition,S_AC,none,15,20,40,0.4695362276612277,0.552997211122211,-0.7497661946463302,21.190615113888796,0.46163913098775555,-0.27112862499187834,1.0
qwen2.5:7b-instruct-fp16,0.9,ai-race-fairgame-v3,d9189c2e5217f018ed55b6e1a70e918bcd699ee0f14d339b92be406e83b8f90f,pilot,completed,persona_condition,S_CA,none,15,20,40,0.4397923604173604,0.552997211122211,-1.0792610461781356,21.488734335698982,0.2924370344977216,-0.3867975281528104,1.0
